{
"lengthUnit": "mil",
"components": {
	"fields": ["COMPONENT_NO", "COMPONENT_NAME", "LAYER", "X_COORDINATE", "Y_COORDINATE", "ANGLE"],
	"rows": [
		[1, "C1", "T", 1360, -315, 0],
		[2, "C2", "T", 1360, -455, 0],
		[3, "C3", "T", 450, -575, 0],
		[4, "C4", "T", 455, -1070, 0],
		[5, "C5", "T", 870, -1115, 0],
		[6, "CN1", "T", 1230, -865, 90],
		[7, "CN2", "T", 3125, -895, 180],
		[8, "DC1", "T", 440, -355, 0],
		[9, "LCD1", "T", 1940, -1885, 180],
		[10, "Power", "T", 190, -1560, 0],
		[11, "R1", "T", 2625, -935, 180],
		[12, "R2", "T", 2445, -1130, 0],
		[13, "R4", "T", 875, -620, 180],
		[14, "R5", "T", 875, -140, 0],
		[15, "R6", "T", 185.45, -1315, 0],
		[16, "R7", "T", 185.45, -1820, 0],
		[17, "R8", "T", 2850, -1135, 0],
		[18, "SW1", "T", 875, -855, 0],
		[19, "SW2", "T", 870, -355, 0],
		[20, "Temperature", "T", 190, -2095, 0],
		[21, "U1", "T", 1985, -635, 270],
		[22, "U2", "T", 400, -810, 180]
	]
},
"pins": {
	"fields": ["PIN_NO", "PIN_NAME", "PIN_X", "PIN_Y", "LAYER", "PIN_TYPE", "NET_NAME", "NET_TYPE", "PAD_SHAPE", "PAD_SIZEX", "PAD_SIZEY", "HOLE_SIZE", "PAD_ANGLE"],
	"rows": [
		[1, "C1_1", 1297.3, -315, "T", "SMD", "+3.3V", "", "R", 58.47, 68.03, 0, 0],
		[2, "C1_2", 1422.7, -315, "T", "SMD", "GND", "GND", "R", 58.47, 68.03, 0, 0],
		[3, "C2_1", 1297.3, -455, "T", "SMD", "+3.3V", "", "R", 58.47, 68.03, 0, 0],
		[4, "C2_2", 1422.7, -455, "T", "SMD", "GND", "GND", "R", 58.47, 68.03, 0, 0],
		[5, "C3_1", 387.3, -575, "T", "SMD", "GND", "GND", "R", 58.47, 68.03, 0, 0],
		[6, "C3_2", 512.7, -575, "T", "SMD", "+5V", "", "R", 58.47, 68.03, 0, 0],
		[7, "C4_1", 392.3, -1070, "T", "SMD", "GND", "GND", "R", 58.47, 68.03, 0, 0],
		[8, "C4_2", 517.7, -1070, "T", "SMD", "+3.3V", "", "R", 58.47, 68.03, 0, 0],
		[9, "C5_1", 807.3, -1115, "T", "SMD", "$1N2990", "", "R", 58.47, 68.03, 0, 0],
		[10, "C5_2", 932.7, -1115, "T", "SMD", "+5V", "", "R", 58.47, 68.03, 0, 0],
		[11, "CN1_1", 1230, -1015, "T", "DIP", "GND", "GND", "R", 66.93, 66.93, 43.31, 90],
		[12, "CN1_1", 1230, -1015, "B", "DIP", "GND", "GND", "R", 66.93, 66.93, 43.31, 90],
		[13, "CN1_2", 1230, -915, "T", "DIP", "RXD0", "", "C", 66.93, 66.93, 43.31, 90],
		[14, "CN1_2", 1230, -915, "B", "DIP", "RXD0", "", "C", 66.93, 66.93, 43.31, 90],
		[15, "CN1_3", 1230, -815, "T", "DIP", "TXD0", "", "C", 66.93, 66.93, 43.31, 90],
		[16, "CN1_3", 1230, -815, "B", "DIP", "TXD0", "", "C", 66.93, 66.93, 43.31, 90],
		[17, "CN1_4", 1230, -715, "T", "DIP", "+5V", "", "C", 66.93, 66.93, 43.31, 90],
		[18, "CN1_4", 1230, -715, "B", "DIP", "+5V", "", "C", 66.93, 66.93, 43.31, 90],
		[19, "CN2_1", 3275, -895, "T", "DIP", "GND", "GND", "R", 66.93, 66.93, 43.31, 180],
		[20, "CN2_1", 3275, -895, "B", "DIP", "GND", "GND", "R", 66.93, 66.93, 43.31, 180],
		[21, "CN2_2", 3175, -895, "T", "DIP", "CN2_2", "", "C", 66.93, 66.93, 43.31, 180],
		[22, "CN2_2", 3175, -895, "B", "DIP", "CN2_2", "", "C", 66.93, 66.93, 43.31, 180],
		[23, "CN2_3", 3075, -895, "T", "DIP", "DHT", "", "C", 66.93, 66.93, 43.31, 180],
		[24, "CN2_3", 3075, -895, "B", "DIP", "DHT", "", "C", 66.93, 66.93, 43.31, 180],
		[25, "CN2_4", 2975, -895, "T", "DIP", "+3.3V", "", "C", 66.93, 66.93, 43.31, 180],
		[26, "CN2_4", 2975, -895, "B", "DIP", "+3.3V", "", "C", 66.93, 66.93, 43.31, 180],
		[27, "DC1_1", 560.08, -264.45, "T", "DIP", "+5V", "", "O", 70.87, 157.48, 118.11, 0],
		[28, "DC1_1", 560.08, -264.45, "B", "DIP", "+5V", "", "O", 70.87, 157.48, 118.11, 0],
		[29, "DC1_2", 449.84, -445.55, "T", "DIP", "GND", "GND", "O", 70.87, 157.48, 118.11, 90],
		[30, "DC1_2", 449.84, -445.55, "B", "DIP", "GND", "GND", "O", 70.87, 157.48, 118.11, 90],
		[31, "DC1_3", 319.92, -264.45, "T", "DIP", "GND", "GND", "O", 70.87, 157.48, 118.11, 0],
		[32, "DC1_3", 319.92, -264.45, "B", "DIP", "GND", "GND", "O", 70.87, 157.48, 118.11, 0],
		[33, "LCD1_0", 3416.38, -2495.24, "T", "DIP", "LCD1_0", "", "C", 125.98, 125.98, 103.35, 180],
		[34, "LCD1_0", 3416.38, -2495.24, "B", "DIP", "LCD1_0", "", "C", 125.98, 125.98, 103.35, 180],
		[35, "LCD1_0", 3416.38, -1274.76, "T", "DIP", "LCD1_A_0", "", "C", 125.98, 125.98, 103.35, 180],
		[36, "LCD1_0", 3416.38, -1274.76, "B", "DIP", "LCD1_A_0", "", "C", 125.98, 125.98, 103.35, 180],
		[37, "LCD1_0", 463.62, -2495.24, "T", "DIP", "LCD1_B_0", "", "C", 125.98, 125.98, 103.35, 180],
		[38, "LCD1_0", 463.62, -2495.24, "B", "DIP", "LCD1_B_0", "", "C", 125.98, 125.98, 103.35, 180],
		[39, "LCD1_0", 463.62, -1274.76, "T", "DIP", "LCD1_C_0", "", "C", 125.98, 125.98, 103.35, 180],
		[40, "LCD1_0", 463.62, -1274.76, "B", "DIP", "LCD1_C_0", "", "C", 125.98, 125.98, 103.35, 180],
		[41, "LCD1_1", 3199.84, -2495.24, "T", "DIP", "GND", "GND", "R", 62.99, 62.99, 39.37, 180],
		[42, "LCD1_1", 3199.84, -2495.24, "B", "DIP", "GND", "GND", "R", 62.99, 62.99, 39.37, 180],
		[43, "LCD1_2", 3099.84, -2495.24, "T", "DIP", "$1N2990", "", "C", 62.99, 62.99, 39.37, 180],
		[44, "LCD1_2", 3099.84, -2495.24, "B", "DIP", "$1N2990", "", "C", 62.99, 62.99, 39.37, 180],
		[45, "LCD1_3", 2999.84, -2495.24, "T", "DIP", "V0", "", "C", 62.99, 62.99, 39.37, 180],
		[46, "LCD1_3", 2999.84, -2495.24, "B", "DIP", "V0", "", "C", 62.99, 62.99, 39.37, 180],
		[47, "LCD1_4", 2899.84, -2495.24, "T", "DIP", "RS", "", "C", 62.99, 62.99, 39.37, 180],
		[48, "LCD1_4", 2899.84, -2495.24, "B", "DIP", "RS", "", "C", 62.99, 62.99, 39.37, 180],
		[49, "LCD1_5", 2799.84, -2495.24, "T", "DIP", "GND", "GND", "C", 62.99, 62.99, 39.37, 180],
		[50, "LCD1_5", 2799.84, -2495.24, "B", "DIP", "GND", "GND", "C", 62.99, 62.99, 39.37, 180],
		[51, "LCD1_6", 2699.84, -2495.24, "T", "DIP", "E", "", "C", 62.99, 62.99, 39.37, 180],
		[52, "LCD1_6", 2699.84, -2495.24, "B", "DIP", "E", "", "C", 62.99, 62.99, 39.37, 180],
		[53, "LCD1_7", 2599.84, -2495.24, "T", "DIP", "LCD1_7", "", "C", 62.99, 62.99, 39.37, 180],
		[54, "LCD1_7", 2599.84, -2495.24, "B", "DIP", "LCD1_7", "", "C", 62.99, 62.99, 39.37, 180],
		[55, "LCD1_8", 2499.84, -2495.24, "T", "DIP", "LCD1_8", "", "C", 62.99, 62.99, 39.37, 180],
		[56, "LCD1_8", 2499.84, -2495.24, "B", "DIP", "LCD1_8", "", "C", 62.99, 62.99, 39.37, 180],
		[57, "LCD1_9", 2399.84, -2495.24, "T", "DIP", "LCD1_9", "", "C", 62.99, 62.99, 39.37, 180],
		[58, "LCD1_9", 2399.84, -2495.24, "B", "DIP", "LCD1_9", "", "C", 62.99, 62.99, 39.37, 180],
		[59, "LCD1_10", 2299.84, -2495.24, "T", "DIP", "LCD1_10", "", "C", 62.99, 62.99, 39.37, 180],
		[60, "LCD1_10", 2299.84, -2495.24, "B", "DIP", "LCD1_10", "", "C", 62.99, 62.99, 39.37, 180],
		[61, "LCD1_11", 2199.84, -2495.24, "T", "DIP", "DB4", "", "C", 62.99, 62.99, 39.37, 180],
		[62, "LCD1_11", 2199.84, -2495.24, "B", "DIP", "DB4", "", "C", 62.99, 62.99, 39.37, 180],
		[63, "LCD1_12", 2099.84, -2495.24, "T", "DIP", "DB5", "", "C", 62.99, 62.99, 39.37, 180],
		[64, "LCD1_12", 2099.84, -2495.24, "B", "DIP", "DB5", "", "C", 62.99, 62.99, 39.37, 180],
		[65, "LCD1_13", 1999.84, -2495.24, "T", "DIP", "DB6", "", "C", 62.99, 62.99, 39.37, 180],
		[66, "LCD1_13", 1999.84, -2495.24, "B", "DIP", "DB6", "", "C", 62.99, 62.99, 39.37, 180],
		[67, "LCD1_14", 1899.84, -2495.24, "T", "DIP", "DB7", "", "C", 62.99, 62.99, 39.37, 180],
		[68, "LCD1_14", 1899.84, -2495.24, "B", "DIP", "DB7", "", "C", 62.99, 62.99, 39.37, 180],
		[69, "LCD1_15", 1799.84, -2495.24, "T", "DIP", "$1N3062", "", "C", 62.99, 62.99, 39.37, 180],
		[70, "LCD1_15", 1799.84, -2495.24, "B", "DIP", "$1N3062", "", "C", 62.99, 62.99, 39.37, 180],
		[71, "LCD1_16", 1699.84, -2495.24, "T", "DIP", "GND", "GND", "C", 62.99, 62.99, 39.37, 180],
		[72, "LCD1_16", 1699.84, -2495.24, "B", "DIP", "GND", "GND", "C", 62.99, 62.99, 39.37, 180],
		[73, "Power_1", 231.35, -1560, "T", "SMD", "$1N2371", "", "R", 39.37, 55.1, 0, 180],
		[74, "Power_2", 148.65, -1560, "T", "SMD", "GND", "GND", "R", 39.37, 55.1, 0, 180],
		[75, "R1_1", 2579.72, -812.95, "T", "SMD", "+5V", "", "R", 59.05, 74.8, 0, 180],
		[76, "R1_2", 2625, -1057.05, "T", "SMD", "V0", "", "R", 78.74, 78.74, 0, 180],
		[77, "R1_3", 2670.28, -812.95, "T", "SMD", "GND", "GND", "R", 59.05, 74.8, 0, 180],
		[78, "R2_1", 2427.96, -1130, "T", "SMD", "+5V", "", "R", 22.27, 21.26, 0, 0],
		[79, "R2_2", 2462.04, -1130, "T", "SMD", "$1N3062", "", "R", 22.27, 21.26, 0, 0],
		[80, "R4_1", 914.37, -620, "T", "SMD", "EN", "", "R", 44.59, 54.21, 0, 180],
		[81, "R4_2", 835.63, -620, "T", "SMD", "+3.3V", "", "R", 44.59, 54.21, 0, 180],
		[82, "R5_1", 835.63, -140, "T", "SMD", "IO0", "", "R", 44.59, 54.21, 0, 0],
		[83, "R5_2", 914.37, -140, "T", "SMD", "+3.3V", "", "R", 44.59, 54.21, 0, 0],
		[84, "R6_1", 146.08, -1315, "T", "SMD", "$1N2371", "", "R", 44.59, 54.21, 0, 0],
		[85, "R6_2", 224.82, -1315, "T", "SMD", "+3.3V", "", "R", 44.59, 54.21, 0, 0],
		[86, "R7_1", 146.08, -1820, "T", "SMD", "$1N2609", "", "R", 44.59, 54.21, 0, 0],
		[87, "R7_2", 224.82, -1820, "T", "SMD", "LED", "", "R", 44.59, 54.21, 0, 0],
		[88, "R8_1", 2810.63, -1135, "T", "SMD", "+3.3V", "", "R", 44.59, 54.21, 0, 0],
		[89, "R8_2", 2889.37, -1135, "T", "SMD", "DHT", "", "R", 44.59, 54.21, 0, 0],
		[90, "SW1_1", 747.05, -766.42, "T", "DIP", "EN", "", "C", 70.87, 70.87, 47.24, 0],
		[91, "SW1_1", 747.05, -766.42, "B", "DIP", "EN", "", "C", 70.87, 70.87, 47.24, 0],
		[92, "SW1_2", 1002.95, -766.42, "T", "DIP", "SW1_2", "", "C", 70.87, 70.87, 47.24, 0],
		[93, "SW1_2", 1002.95, -766.42, "B", "DIP", "SW1_2", "", "C", 70.87, 70.87, 47.24, 0],
		[94, "SW1_3", 747.05, -943.58, "T", "DIP", "GND", "GND", "C", 70.87, 70.87, 47.24, 0],
		[95, "SW1_3", 747.05, -943.58, "B", "DIP", "GND", "GND", "C", 70.87, 70.87, 47.24, 0],
		[96, "SW1_4", 1002.95, -943.58, "T", "DIP", "SW1_4", "", "C", 70.87, 70.87, 47.24, 0],
		[97, "SW1_4", 1002.95, -943.58, "B", "DIP", "SW1_4", "", "C", 70.87, 70.87, 47.24, 0],
		[98, "SW2_1", 742.05, -266.42, "T", "DIP", "IO0", "", "C", 70.87, 70.87, 47.24, 0],
		[99, "SW2_1", 742.05, -266.42, "B", "DIP", "IO0", "", "C", 70.87, 70.87, 47.24, 0],
		[100, "SW2_2", 997.95, -266.42, "T", "DIP", "SW2_2", "", "C", 70.87, 70.87, 47.24, 0],
		[101, "SW2_2", 997.95, -266.42, "B", "DIP", "SW2_2", "", "C", 70.87, 70.87, 47.24, 0],
		[102, "SW2_3", 742.05, -443.58, "T", "DIP", "GND", "GND", "C", 70.87, 70.87, 47.24, 0],
		[103, "SW2_3", 742.05, -443.58, "B", "DIP", "GND", "GND", "C", 70.87, 70.87, 47.24, 0],
		[104, "SW2_4", 997.95, -443.58, "T", "DIP", "SW2_4", "", "C", 70.87, 70.87, 47.24, 0],
		[105, "SW2_4", 997.95, -443.58, "B", "DIP", "SW2_4", "", "C", 70.87, 70.87, 47.24, 0],
		[106, "Temperature_1", 231.35, -2095, "T", "SMD", "$1N2609", "", "R", 39.37, 55.1, 0, 180],
		[107, "Temperature_2", 148.65, -2095, "T", "SMD", "GND", "GND", "R", 39.37, 55.1, 0, 180],
		[108, "U1_1", 1630.67, -280.57, "T", "SMD", "GND", "GND", "R", 37.4, 82.68, 0, 270],
		[109, "U1_2", 1630.67, -330.57, "T", "SMD", "+3.3V", "", "R", 37.4, 82.68, 0, 270],
		[110, "U1_3", 1630.67, -380.57, "T", "SMD", "EN", "", "R", 37.4, 82.68, 0, 270],
		[111, "U1_4", 1630.67, -430.57, "T", "SMD", "U1_4", "", "R", 37.4, 82.68, 0, 270],
		[112, "U1_5", 1630.67, -480.57, "T", "SMD", "U1_5", "", "R", 37.4, 82.68, 0, 270],
		[113, "U1_6", 1630.67, -530.57, "T", "SMD", "U1_6", "", "R", 37.4, 82.68, 0, 270],
		[114, "U1_7", 1630.67, -580.57, "T", "SMD", "U1_7", "", "R", 37.4, 82.68, 0, 270],
		[115, "U1_8", 1630.67, -630.57, "T", "SMD", "U1_8", "", "R", 37.4, 82.68, 0, 270],
		[116, "U1_9", 1630.67, -680.57, "T", "SMD", "DB7", "", "R", 37.4, 82.68, 0, 270],
		[117, "U1_10", 1630.67, -730.57, "T", "SMD", "DB6", "", "R", 37.4, 82.68, 0, 270],
		[118, "U1_11", 1630.67, -780.57, "T", "SMD", "DB4", "", "R", 37.4, 82.68, 0, 270],
		[119, "U1_12", 1630.66, -830.57, "T", "SMD", "DB5", "", "R", 37.4, 82.68, 0, 270],
		[120, "U1_13", 1630.66, -880.57, "T", "SMD", "E", "", "R", 37.4, 82.68, 0, 270],
		[121, "U1_14", 1630.66, -930.57, "T", "SMD", "RS", "", "R", 37.4, 82.68, 0, 270],
		[122, "U1_15", 1760, -989.43, "T", "SMD", "U1_15", "", "R", 82.68, 37.4, 0, 270],
		[123, "U1_16", 1810, -989.43, "T", "SMD", "U1_16", "", "R", 82.68, 37.4, 0, 270],
		[124, "U1_17", 1860, -989.43, "T", "SMD", "U1_17", "", "R", 82.68, 37.4, 0, 270],
		[125, "U1_18", 1910, -989.43, "T", "SMD", "U1_18", "", "R", 82.68, 37.4, 0, 270],
		[126, "U1_19", 1960, -989.43, "T", "SMD", "U1_19", "", "R", 82.68, 37.4, 0, 270],
		[127, "U1_20", 2010, -989.43, "T", "SMD", "U1_20", "", "R", 82.68, 37.4, 0, 270],
		[128, "U1_21", 2060.01, -989.43, "T", "SMD", "U1_21", "", "R", 82.68, 37.4, 0, 270],
		[129, "U1_22", 2110.01, -989.43, "T", "SMD", "U1_22", "", "R", 82.68, 37.4, 0, 270],
		[130, "U1_23", 2160.01, -989.43, "T", "SMD", "U1_23", "", "R", 82.68, 37.4, 0, 270],
		[131, "U1_24", 2210.01, -989.43, "T", "SMD", "LED", "", "R", 82.68, 37.4, 0, 270],
		[132, "U1_25", 2339.34, -930.57, "T", "SMD", "IO0", "", "R", 37.4, 82.68, 0, 270],
		[133, "U1_26", 2339.34, -880.57, "T", "SMD", "DHT", "", "R", 37.4, 82.68, 0, 270],
		[134, "U1_27", 2339.34, -830.57, "T", "SMD", "U1_27", "", "R", 37.4, 82.68, 0, 270],
		[135, "U1_28", 2339.34, -780.57, "T", "SMD", "U1_28", "", "R", 37.4, 82.68, 0, 270],
		[136, "U1_29", 2339.34, -730.57, "T", "SMD", "U1_29", "", "R", 37.4, 82.68, 0, 270],
		[137, "U1_30", 2339.34, -680.57, "T", "SMD", "U1_30", "", "R", 37.4, 82.68, 0, 270],
		[138, "U1_31", 2339.34, -630.57, "T", "SMD", "U1_31", "", "R", 37.4, 82.68, 0, 270],
		[139, "U1_32", 2339.34, -580.57, "T", "SMD", "U1_32", "", "R", 37.4, 82.68, 0, 270],
		[140, "U1_33", 2339.34, -530.57, "T", "SMD", "U1_33", "", "R", 37.4, 82.68, 0, 270],
		[141, "U1_34", 2339.34, -480.57, "T", "SMD", "RXD0", "", "R", 37.4, 82.68, 0, 270],
		[142, "U1_35", 2339.34, -430.57, "T", "SMD", "TXD0", "", "R", 37.4, 82.68, 0, 270],
		[143, "U1_36", 2339.34, -380.57, "T", "SMD", "U1_36", "", "R", 37.4, 82.68, 0, 270],
		[144, "U1_37", 2339.34, -330.57, "T", "SMD", "U1_37", "", "R", 37.4, 82.68, 0, 270],
		[145, "U1_38", 2339.34, -280.57, "T", "SMD", "U1_38", "", "R", 37.4, 82.68, 0, 270],
		[146, "U1_39", 1925.93, -582.97, "T", "SMD", "GND", "GND", "R", 35.43, 35.43, 0, 90],
		[147, "U1_39", 1870.83, -582.97, "T", "SMD", "GND", "GND", "R", 35.43, 35.43, 0, 90],
		[148, "U1_39", 1981.07, -582.97, "T", "SMD", "GND", "GND", "R", 35.43, 35.43, 0, 90],
		[149, "U1_39", 1981.07, -527.85, "T", "SMD", "GND", "GND", "R", 35.43, 35.43, 0, 90],
		[150, "U1_39", 1925.95, -527.85, "T", "SMD", "GND", "GND", "R", 35.43, 35.43, 0, 90],
		[151, "U1_39", 1870.83, -527.85, "T", "SMD", "GND", "GND", "R", 35.43, 35.43, 0, 90],
		[152, "U1_39", 1870.83, -638.09, "T", "SMD", "GND", "GND", "R", 35.43, 35.43, 0, 90],
		[153, "U1_39", 1925.95, -638.09, "T", "SMD", "GND", "GND", "R", 35.43, 35.43, 0, 90],
		[154, "U1_39", 1981.07, -638.09, "T", "SMD", "GND", "GND", "R", 35.43, 35.43, 0, 90],
		[155, "U2_1", 283.07, -719.45, "T", "SMD", "GND", "GND", "R", 98.42, 43.31, 0, 180],
		[156, "U2_2", 283.07, -810, "T", "SMD", "+3.3V", "", "R", 98.42, 43.31, 0, 180],
		[157, "U2_3", 283.07, -900.55, "T", "SMD", "+5V", "", "R", 98.42, 43.31, 0, 180],
		[158, "U2_4", 516.93, -810, "T", "SMD", "+3.3V", "", "R", 92.13, 141.73, 0, 180]
	]
}
}